EXCHANGE, SYMBOL
NYSE,AA
NYSE,ABA
NYSE,AEA
NYSE,AMP
NYSE,BAM
NYSE,BCH
NYSE,BGC
NYSE,BT
NYSE,BXC
NYSE,CA
NYSE,CAT
NYSE,CHI
NYSE,CSC
NYSE,DAL
NYSE,DD
NYSE,DIS
NYSE,DOLE
NYSE,EBS
NYSE,ELY
NYSE,EM
NYSE,ES
NYSE,EXI
NYSE,FAM
NYSE,FF
NYSE,FMC
NYSE,FTE
NYSE,GA
NYSE,GAP
NYSE,GMA
NYSE,GTI
NYSE,HAL
NYSE,HD
NYSE,HIS
NYSE,HP
NYSE,IAE
NYSE,IBM
NYSE,IDG
NYSE,IM
NYSE,JAG
NYSE,JCP
NYSE,JOE
NYSE,JZE
NYSE,KB
NYSE,KBH
NYSE,KEP
NYSE,KR
NYSE,L
NYSE,LEE
NYSE,LLY
NYSE,LUX
NYSE,MA
NYSE,MAT
NYSE,MCY
NYSE,ME
NYSE,N
NYSE,NBL
NYSE,NE
NYSE,NOK
NYSE,OB
NYSE,OLA
NYSE,ORI
NYSE,OXY
NYSE,PAY
NYSE,PC
NYSE,PDA
NYSE,PG
NYSE,QTM
NYSE,QXM
NYSE,RAD
NYSE,RCS
NYSE,ROB
NYSE,RTN
NYSE,SAI
NYSE,SFY
NYSE,SHO
NYSE,STJ
NYSE,TC
NYSE,TDI
NYSE,TJX
NYSE,TOL
NYSE,UA
NYSE,UBS
NYSE,UL
NYSE,USA
NYSE,VAL
NYSE,VIA
NYSE,VQ
NYSE,VZ
NYSE,WAG
NYSE,WAL
NYSE,WF
NYSE,WR
NYSE,XAA
NYSE,XOM
NYSE,XTO
NYSE,XVF
NYSE,YGE
NYSE,YSI
NYSE,YUM
NYSE,YZC
NYSE,ZAP
NYSE,ZEP
NYSE,ZF
NYSE,ZLC
